timestamp_localtime,experiment,pioreactor_unit,timestamp,event_name,message,data
2023-11-28 01:50:25,Spirulina 003,pio001,2023-11-28T01:50:25.477872Z,DilutionEvent,Latest Normalized OD = 1.01 ≥ Target  nOD = 1.01; cycled 0.10 mL,"{""latest_normalized_od"": 1.0101127364744749, ""target_normalized_od"": 1.01, ""volume"": 0.1}"
2023-11-28 01:56:25,Spirulina 003,pio001,2023-11-28T01:56:25.374457Z,DilutionEvent,Latest Normalized OD = 1.01 ≥ Target  nOD = 1.01; cycled 0.10 mL,"{""latest_normalized_od"": 1.010396050623505, ""target_normalized_od"": 1.01, ""volume"": 0.1}"
2023-11-28 01:59:25,Spirulina 003,pio001,2023-11-28T01:59:25.365457Z,DilutionEvent,Latest Normalized OD = 1.01 ≥ Target  nOD = 1.01; cycled 0.10 mL,"{""latest_normalized_od"": 1.0100258902845594, ""target_normalized_od"": 1.01, ""volume"": 0.1}"
2023-11-28 02:13:55,Spirulina 003,pio001,2023-11-28T02:13:55.434348Z,DilutionEvent,Latest Normalized OD = 1.01 ≥ Target  nOD = 1.01; cycled 0.10 mL,"{""latest_normalized_od"": 1.0101771677399385, ""target_normalized_od"": 1.01, ""volume"": 0.1}"
2023-11-28 02:43:55,Spirulina 003,pio001,2023-11-28T02:43:55.353475Z,DilutionEvent,Latest Normalized OD = 1.01 ≥ Target  nOD = 1.01; cycled 0.10 mL,"{""latest_normalized_od"": 1.0101666728349514, ""target_normalized_od"": 1.01, ""volume"": 0.1}"
2023-11-28 03:05:55,Spirulina 003,pio001,2023-11-28T03:05:55.380102Z,DilutionEvent,Latest Normalized OD = 1.01 ≥ Target  nOD = 1.01; cycled 0.10 mL,"{""latest_normalized_od"": 1.0100788478324443, ""target_normalized_od"": 1.01, ""volume"": 0.1}"
2023-11-28 03:52:25,Spirulina 003,pio001,2023-11-28T03:52:25.393275Z,DilutionEvent,Latest Normalized OD = 1.01 ≥ Target  nOD = 1.01; cycled 0.10 mL,"{""latest_normalized_od"": 1.0101274466250203, ""target_normalized_od"": 1.01, ""volume"": 0.1}"
2023-11-28 04:20:55,Spirulina 003,pio001,2023-11-28T04:20:55.397768Z,DilutionEvent,Latest Normalized OD = 1.01 ≥ Target  nOD = 1.01; cycled 0.10 mL,"{""latest_normalized_od"": 1.010157721686166, ""target_normalized_od"": 1.01, ""volume"": 0.1}"
2023-11-28 07:10:25,Spirulina 003,pio001,2023-11-28T07:10:25.383087Z,DilutionEvent,Latest Normalized OD = 1.01 ≥ Target  nOD = 1.01; cycled 0.10 mL,"{""latest_normalized_od"": 1.0101258214786772, ""target_normalized_od"": 1.01, ""volume"": 0.1}"
2023-11-28 09:43:55,Spirulina 003,pio001,2023-11-28T09:43:55.374383Z,DilutionEvent,Latest Normalized OD = 1.01 ≥ Target  nOD = 1.01; cycled 0.10 mL,"{""latest_normalized_od"": 1.0100582249741494, ""target_normalized_od"": 1.01, ""volume"": 0.1}"
2023-11-28 09:50:25,Spirulina 003,pio001,2023-11-28T09:50:25.307130Z,DilutionEvent,Latest Normalized OD = 1.01 ≥ Target  nOD = 1.01; cycled 0.10 mL,"{""latest_normalized_od"": 1.010243930083164, ""target_normalized_od"": 1.01, ""volume"": 0.1}"
2023-11-28 10:33:25,Spirulina 003,pio001,2023-11-28T10:33:25.441433Z,DilutionEvent,Latest Normalized OD = 1.01 ≥ Target  nOD = 1.01; cycled 0.10 mL,"{""latest_normalized_od"": 1.0100620834270524, ""target_normalized_od"": 1.01, ""volume"": 0.1}"
2023-11-28 10:46:55,Spirulina 003,pio001,2023-11-28T10:46:55.349244Z,DilutionEvent,Latest Normalized OD = 1.01 ≥ Target  nOD = 1.01; cycled 0.10 mL,"{""latest_normalized_od"": 1.0100620404457563, ""target_normalized_od"": 1.01, ""volume"": 0.1}"
2023-11-28 11:05:55,Spirulina 003,pio001,2023-11-28T11:05:55.407939Z,DilutionEvent,Latest Normalized OD = 1.01 ≥ Target  nOD = 1.01; cycled 0.10 mL,"{""latest_normalized_od"": 1.0100774154458283, ""target_normalized_od"": 1.01, ""volume"": 0.1}"
2023-11-28 12:47:25,Spirulina 003,pio001,2023-11-28T12:47:25.379988Z,DilutionEvent,Latest Normalized OD = 1.01 ≥ Target  nOD = 1.01; cycled 0.10 mL,"{""latest_normalized_od"": 1.0102682436456658, ""target_normalized_od"": 1.01, ""volume"": 0.1}"
2023-11-28 13:21:55,Spirulina 003,pio001,2023-11-28T13:21:55.398417Z,DilutionEvent,Latest Normalized OD = 1.01 ≥ Target  nOD = 1.01; cycled 0.10 mL,"{""latest_normalized_od"": 1.0101804164674437, ""target_normalized_od"": 1.01, ""volume"": 0.1}"
2023-11-28 13:54:25,Spirulina 003,pio001,2023-11-28T13:54:25.373787Z,DilutionEvent,Latest Normalized OD = 1.01 ≥ Target  nOD = 1.01; cycled 0.10 mL,"{""latest_normalized_od"": 1.0100294113081516, ""target_normalized_od"": 1.01, ""volume"": 0.1}"
2023-11-28 14:24:55,Spirulina 003,pio001,2023-11-28T14:24:55.373325Z,DilutionEvent,Latest Normalized OD = 1.01 ≥ Target  nOD = 1.01; cycled 0.10 mL,"{""latest_normalized_od"": 1.0100417729141271, ""target_normalized_od"": 1.01, ""volume"": 0.1}"
2023-11-28 14:41:55,Spirulina 003,pio001,2023-11-28T14:41:55.365666Z,DilutionEvent,Latest Normalized OD = 1.01 ≥ Target  nOD = 1.01; cycled 0.10 mL,"{""latest_normalized_od"": 1.0100890502125863, ""target_normalized_od"": 1.01, ""volume"": 0.1}"
2023-11-28 15:22:55,Spirulina 003,pio001,2023-11-28T15:22:55.366803Z,DilutionEvent,Latest Normalized OD = 1.01 ≥ Target  nOD = 1.01; cycled 0.10 mL,"{""latest_normalized_od"": 1.0102182778984006, ""target_normalized_od"": 1.01, ""volume"": 0.1}"
2023-11-28 16:49:55,Spirulina 003,pio001,2023-11-28T16:49:55.441854Z,DilutionEvent,Latest Normalized OD = 1.01 ≥ Target  nOD = 1.01; cycled 0.10 mL,"{""latest_normalized_od"": 1.0101246565216597, ""target_normalized_od"": 1.01, ""volume"": 0.1}"
2023-11-28 17:03:25,Spirulina 003,pio001,2023-11-28T17:03:25.400447Z,DilutionEvent,Latest Normalized OD = 1.01 ≥ Target  nOD = 1.01; cycled 0.10 mL,"{""latest_normalized_od"": 1.0102393765386586, ""target_normalized_od"": 1.01, ""volume"": 0.1}"
2023-11-28 21:50:55,Spirulina 003,pio001,2023-11-28T21:50:55.407590Z,DilutionEvent,Latest Normalized OD = 1.01 ≥ Target  nOD = 1.01; cycled 0.10 mL,"{""latest_normalized_od"": 1.010062176721605, ""target_normalized_od"": 1.01, ""volume"": 0.1}"
2023-11-28 22:19:55,Spirulina 003,pio001,2023-11-28T22:19:55.419841Z,DilutionEvent,Latest Normalized OD = 1.01 ≥ Target  nOD = 1.01; cycled 0.10 mL,"{""latest_normalized_od"": 1.0101704714674178, ""target_normalized_od"": 1.01, ""volume"": 0.1}"
2023-11-28 23:25:25,Spirulina 003,pio001,2023-11-28T23:25:25.393754Z,DilutionEvent,Latest Normalized OD = 1.01 ≥ Target  nOD = 1.01; cycled 0.10 mL,"{""latest_normalized_od"": 1.0100699154134933, ""target_normalized_od"": 1.01, ""volume"": 0.1}"
2023-11-28 23:50:25,Spirulina 003,pio001,2023-11-28T23:50:25.512044Z,DilutionEvent,Latest Normalized OD = 1.01 ≥ Target  nOD = 1.01; cycled 0.10 mL,"{""latest_normalized_od"": 1.0100888469744027, ""target_normalized_od"": 1.01, ""volume"": 0.1}"
2023-11-29 00:07:55,Spirulina 003,pio001,2023-11-29T00:07:55.408122Z,DilutionEvent,Latest Normalized OD = 1.01 ≥ Target  nOD = 1.01; cycled 0.10 mL,"{""latest_normalized_od"": 1.0101237025772019, ""target_normalized_od"": 1.01, ""volume"": 0.1}"
2023-11-29 00:35:55,Spirulina 003,pio001,2023-11-29T00:35:55.381149Z,DilutionEvent,Latest Normalized OD = 1.01 ≥ Target  nOD = 1.01; cycled 0.10 mL,"{""latest_normalized_od"": 1.0100803222582286, ""target_normalized_od"": 1.01, ""volume"": 0.1}"
2023-11-29 01:16:25,Spirulina 003,pio001,2023-11-29T01:16:25.380106Z,DilutionEvent,Latest Normalized OD = 1.01 ≥ Target  nOD = 1.01; cycled 0.10 mL,"{""latest_normalized_od"": 1.0101792950501784, ""target_normalized_od"": 1.01, ""volume"": 0.1}"
2023-11-29 04:49:55,Spirulina 003,pio001,2023-11-29T04:49:55.380914Z,DilutionEvent,Latest Normalized OD = 1.01 ≥ Target  nOD = 1.01; cycled 0.10 mL,"{""latest_normalized_od"": 1.0100047317902587, ""target_normalized_od"": 1.01, ""volume"": 0.1}"
2023-11-29 05:07:25,Spirulina 003,pio001,2023-11-29T05:07:25.519479Z,DilutionEvent,Latest Normalized OD = 1.01 ≥ Target  nOD = 1.01; cycled 0.10 mL,"{""latest_normalized_od"": 1.0100691438016587, ""target_normalized_od"": 1.01, ""volume"": 0.1}"
2023-11-29 05:23:55,Spirulina 003,pio001,2023-11-29T05:23:55.395341Z,DilutionEvent,Latest Normalized OD = 1.01 ≥ Target  nOD = 1.01; cycled 0.10 mL,"{""latest_normalized_od"": 1.0100331098214965, ""target_normalized_od"": 1.01, ""volume"": 0.1}"
2023-11-29 06:12:55,Spirulina 003,pio001,2023-11-29T06:12:55.412440Z,DilutionEvent,Latest Normalized OD = 1.01 ≥ Target  nOD = 1.01; cycled 0.10 mL,"{""latest_normalized_od"": 1.0100325263519154, ""target_normalized_od"": 1.01, ""volume"": 0.1}"
2023-11-29 06:31:25,Spirulina 003,pio001,2023-11-29T06:31:25.289872Z,DilutionEvent,Latest Normalized OD = 1.01 ≥ Target  nOD = 1.01; cycled 0.10 mL,"{""latest_normalized_od"": 1.010311332754768, ""target_normalized_od"": 1.01, ""volume"": 0.1}"
2023-11-29 08:50:55,Spirulina 003,pio001,2023-11-29T08:50:55.428449Z,DilutionEvent,Latest Normalized OD = 1.01 ≥ Target  nOD = 1.01; cycled 0.10 mL,"{""latest_normalized_od"": 1.0100829672741458, ""target_normalized_od"": 1.01, ""volume"": 0.1}"
2023-11-29 10:48:25,Spirulina 003,pio001,2023-11-29T10:48:25.391444Z,DilutionEvent,Latest Normalized OD = 1.01 ≥ Target  nOD = 1.01; cycled 0.10 mL,"{""latest_normalized_od"": 1.0101010042308571, ""target_normalized_od"": 1.01, ""volume"": 0.1}"
2023-11-29 11:24:25,Spirulina 003,pio001,2023-11-29T11:24:25.478240Z,DilutionEvent,Latest Normalized OD = 1.01 ≥ Target  nOD = 1.01; cycled 0.10 mL,"{""latest_normalized_od"": 1.0100561956560228, ""target_normalized_od"": 1.01, ""volume"": 0.1}"
2023-11-29 20:28:11,Spirulina 003,pio001,2023-11-29T20:28:11.561472Z,DilutionEvent,Latest Normalized OD = 1.01 ≥ Target  nOD = 1.01; cycled 0.10 mL,"{""latest_normalized_od"": 1.0102320570432497, ""target_normalized_od"": 1.01, ""volume"": 0.1}"
2023-11-29 20:28:41,Spirulina 003,pio001,2023-11-29T20:28:41.011051Z,DilutionEvent,Latest Normalized OD = 1.01 ≥ Target  nOD = 1.01; cycled 0.10 mL,"{""latest_normalized_od"": 1.0145211904146014, ""target_normalized_od"": 1.01, ""volume"": 0.1}"
2023-11-29 20:44:41,Spirulina 003,pio001,2023-11-29T20:44:41.119038Z,DilutionEvent,Latest Normalized OD = 1.01 ≥ Target  nOD = 1.01; cycled 0.10 mL,"{""latest_normalized_od"": 1.0102282335451775, ""target_normalized_od"": 1.01, ""volume"": 0.1}"
2023-11-29 20:54:11,Spirulina 003,pio001,2023-11-29T20:54:11.120482Z,DilutionEvent,Latest Normalized OD = 1.01 ≥ Target  nOD = 1.01; cycled 0.10 mL,"{""latest_normalized_od"": 1.0101667089955402, ""target_normalized_od"": 1.01, ""volume"": 0.1}"
2023-11-29 21:13:41,Spirulina 003,pio001,2023-11-29T21:13:41.102101Z,DilutionEvent,Latest Normalized OD = 1.01 ≥ Target  nOD = 1.01; cycled 0.10 mL,"{""latest_normalized_od"": 1.0100616109677547, ""target_normalized_od"": 1.01, ""volume"": 0.1}"
2023-11-29 21:20:41,Spirulina 003,pio001,2023-11-29T21:20:41.092723Z,DilutionEvent,Latest Normalized OD = 1.01 ≥ Target  nOD = 1.01; cycled 0.10 mL,"{""latest_normalized_od"": 1.0102005359387385, ""target_normalized_od"": 1.01, ""volume"": 0.1}"
2023-11-29 21:51:11,Spirulina 003,pio001,2023-11-29T21:51:11.110071Z,DilutionEvent,Latest Normalized OD = 1.01 ≥ Target  nOD = 1.01; cycled 0.10 mL,"{""latest_normalized_od"": 1.0100209608087385, ""target_normalized_od"": 1.01, ""volume"": 0.1}"
2023-11-29 22:11:41,Spirulina 003,pio001,2023-11-29T22:11:41.224620Z,DilutionEvent,Latest Normalized OD = 1.01 ≥ Target  nOD = 1.01; cycled 0.10 mL,"{""latest_normalized_od"": 1.0102355405883117, ""target_normalized_od"": 1.01, ""volume"": 0.1}"
2023-11-29 22:54:11,Spirulina 003,pio001,2023-11-29T22:54:11.109507Z,DilutionEvent,Latest Normalized OD = 1.01 ≥ Target  nOD = 1.01; cycled 0.10 mL,"{""latest_normalized_od"": 1.0103939227846968, ""target_normalized_od"": 1.01, ""volume"": 0.1}"
2023-11-29 23:27:11,Spirulina 003,pio001,2023-11-29T23:27:11.114958Z,DilutionEvent,Latest Normalized OD = 1.01 ≥ Target  nOD = 1.01; cycled 0.10 mL,"{""latest_normalized_od"": 1.0100888196546913, ""target_normalized_od"": 1.01, ""volume"": 0.1}"
2023-11-29 23:27:41,Spirulina 003,pio001,2023-11-29T23:27:41.134715Z,DilutionEvent,Latest Normalized OD = 1.01 ≥ Target  nOD = 1.01; cycled 0.10 mL,"{""latest_normalized_od"": 1.0138726096246466, ""target_normalized_od"": 1.01, ""volume"": 0.1}"
2023-11-30 00:37:41,Spirulina 003,pio001,2023-11-30T00:37:41.123973Z,DilutionEvent,Latest Normalized OD = 1.01 ≥ Target  nOD = 1.01; cycled 0.10 mL,"{""latest_normalized_od"": 1.0100682911377197, ""target_normalized_od"": 1.01, ""volume"": 0.1}"
2023-11-30 01:05:11,Spirulina 003,pio001,2023-11-30T01:05:11.098743Z,DilutionEvent,Latest Normalized OD = 1.01 ≥ Target  nOD = 1.01; cycled 0.10 mL,"{""latest_normalized_od"": 1.0100679372585686, ""target_normalized_od"": 1.01, ""volume"": 0.1}"
2023-11-30 03:22:11,Spirulina 003,pio001,2023-11-30T03:22:11.166271Z,DilutionEvent,Latest Normalized OD = 1.01 ≥ Target  nOD = 1.01; cycled 0.10 mL,"{""latest_normalized_od"": 1.0102574997161653, ""target_normalized_od"": 1.01, ""volume"": 0.1}"
2023-11-30 04:04:11,Spirulina 003,pio001,2023-11-30T04:04:11.177606Z,DilutionEvent,Latest Normalized OD = 1.01 ≥ Target  nOD = 1.01; cycled 0.10 mL,"{""latest_normalized_od"": 1.0102653692981864, ""target_normalized_od"": 1.01, ""volume"": 0.1}"
2023-11-30 04:34:41,Spirulina 003,pio001,2023-11-30T04:34:41.145295Z,DilutionEvent,Latest Normalized OD = 1.01 ≥ Target  nOD = 1.01; cycled 0.10 mL,"{""latest_normalized_od"": 1.010764165834738, ""target_normalized_od"": 1.01, ""volume"": 0.1}"
2023-11-30 04:35:10,Spirulina 003,pio001,2023-11-30T04:35:10.991203Z,DilutionEvent,Latest Normalized OD = 1.01 ≥ Target  nOD = 1.01; cycled 0.10 mL,"{""latest_normalized_od"": 1.0133568703267852, ""target_normalized_od"": 1.01, ""volume"": 0.1}"
2023-11-30 08:58:11,Spirulina 003,pio001,2023-11-30T08:58:11.168961Z,DilutionEvent,Latest Normalized OD = 1.01 ≥ Target  nOD = 1.01; cycled 0.10 mL,"{""latest_normalized_od"": 1.010219557443468, ""target_normalized_od"": 1.01, ""volume"": 0.1}"
2023-11-30 08:58:41,Spirulina 003,pio001,2023-11-30T08:58:41.159942Z,DilutionEvent,Latest Normalized OD = 1.01 ≥ Target  nOD = 1.01; cycled 0.10 mL,"{""latest_normalized_od"": 1.0102141005301082, ""target_normalized_od"": 1.01, ""volume"": 0.1}"
2023-11-30 23:00:41,Spirulina 003,pio001,2023-11-30T23:00:41.094797Z,DilutionEvent,Latest Normalized OD = 1.01 ≥ Target  nOD = 1.01; cycled 0.10 mL,"{""latest_normalized_od"": 1.0100005304678659, ""target_normalized_od"": 1.01, ""volume"": 0.1}"
2023-11-30 23:21:41,Spirulina 003,pio001,2023-11-30T23:21:41.203259Z,DilutionEvent,Latest Normalized OD = 1.01 ≥ Target  nOD = 1.01; cycled 0.10 mL,"{""latest_normalized_od"": 1.0102046589501077, ""target_normalized_od"": 1.01, ""volume"": 0.1}"
2023-12-01 00:29:11,Spirulina 003,pio001,2023-12-01T00:29:11.106401Z,DilutionEvent,Latest Normalized OD = 1.01 ≥ Target  nOD = 1.01; cycled 0.10 mL,"{""latest_normalized_od"": 1.0101372403338114, ""target_normalized_od"": 1.01, ""volume"": 0.1}"
2023-12-01 00:48:41,Spirulina 003,pio001,2023-12-01T00:48:41.108689Z,DilutionEvent,Latest Normalized OD = 1.01 ≥ Target  nOD = 1.01; cycled 0.10 mL,"{""latest_normalized_od"": 1.0100146014168438, ""target_normalized_od"": 1.01, ""volume"": 0.1}"
2023-12-01 01:12:11,Spirulina 003,pio001,2023-12-01T01:12:11.096518Z,DilutionEvent,Latest Normalized OD = 1.01 ≥ Target  nOD = 1.01; cycled 0.10 mL,"{""latest_normalized_od"": 1.0100559114182084, ""target_normalized_od"": 1.01, ""volume"": 0.1}"
2023-12-01 02:33:41,Spirulina 003,pio001,2023-12-01T02:33:41.099194Z,DilutionEvent,Latest Normalized OD = 1.01 ≥ Target  nOD = 1.01; cycled 0.10 mL,"{""latest_normalized_od"": 1.010184502516613, ""target_normalized_od"": 1.01, ""volume"": 0.1}"
2023-12-01 04:08:11,Spirulina 003,pio001,2023-12-01T04:08:11.197659Z,DilutionEvent,Latest Normalized OD = 1.01 ≥ Target  nOD = 1.01; cycled 0.10 mL,"{""latest_normalized_od"": 1.0103756803800619, ""target_normalized_od"": 1.01, ""volume"": 0.1}"
2023-12-01 05:28:41,Spirulina 003,pio001,2023-12-01T05:28:41.098741Z,DilutionEvent,Latest Normalized OD = 1.01 ≥ Target  nOD = 1.01; cycled 0.10 mL,"{""latest_normalized_od"": 1.0103158658947538, ""target_normalized_od"": 1.01, ""volume"": 0.1}"
2023-12-01 07:17:41,Spirulina 003,pio001,2023-12-01T07:17:41.103503Z,DilutionEvent,Latest Normalized OD = 1.01 ≥ Target  nOD = 1.01; cycled 0.10 mL,"{""latest_normalized_od"": 1.0102147153782794, ""target_normalized_od"": 1.01, ""volume"": 0.1}"
2023-12-01 08:04:11,Spirulina 003,pio001,2023-12-01T08:04:11.166071Z,DilutionEvent,Latest Normalized OD = 1.01 ≥ Target  nOD = 1.01; cycled 0.10 mL,"{""latest_normalized_od"": 1.0100624996011938, ""target_normalized_od"": 1.01, ""volume"": 0.1}"
2023-12-01 23:13:41,Spirulina 003,pio001,2023-12-01T23:13:41.094812Z,DilutionEvent,Latest Normalized OD = 1.01 ≥ Target  nOD = 1.01; cycled 0.10 mL,"{""latest_normalized_od"": 1.010054410663872, ""target_normalized_od"": 1.01, ""volume"": 0.1}"
2023-12-02 00:00:41,Spirulina 003,pio001,2023-12-02T00:00:41.261316Z,DilutionEvent,Latest Normalized OD = 1.01 ≥ Target  nOD = 1.01; cycled 0.10 mL,"{""latest_normalized_od"": 1.0100271856861307, ""target_normalized_od"": 1.01, ""volume"": 0.1}"
2023-12-02 00:51:41,Spirulina 003,pio001,2023-12-02T00:51:41.079489Z,DilutionEvent,Latest Normalized OD = 1.01 ≥ Target  nOD = 1.01; cycled 0.10 mL,"{""latest_normalized_od"": 1.0101432215062476, ""target_normalized_od"": 1.01, ""volume"": 0.1}"
2023-12-02 02:32:41,Spirulina 003,pio001,2023-12-02T02:32:41.124721Z,DilutionEvent,Latest Normalized OD = 1.01 ≥ Target  nOD = 1.01; cycled 0.10 mL,"{""latest_normalized_od"": 1.0100965830157225, ""target_normalized_od"": 1.01, ""volume"": 0.1}"
2023-12-02 02:59:11,Spirulina 003,pio001,2023-12-02T02:59:11.100507Z,DilutionEvent,Latest Normalized OD = 1.01 ≥ Target  nOD = 1.01; cycled 0.10 mL,"{""latest_normalized_od"": 1.010004510495445, ""target_normalized_od"": 1.01, ""volume"": 0.1}"
2023-12-02 05:38:41,Spirulina 003,pio001,2023-12-02T05:38:41.171288Z,DilutionEvent,Latest Normalized OD = 1.01 ≥ Target  nOD = 1.01; cycled 0.10 mL,"{""latest_normalized_od"": 1.0101587490509016, ""target_normalized_od"": 1.01, ""volume"": 0.1}"
2023-12-02 06:01:41,Spirulina 003,pio001,2023-12-02T06:01:41.217692Z,DilutionEvent,Latest Normalized OD = 1.01 ≥ Target  nOD = 1.01; cycled 0.10 mL,"{""latest_normalized_od"": 1.010030628813941, ""target_normalized_od"": 1.01, ""volume"": 0.1}"
2023-12-02 06:02:11,Spirulina 003,pio001,2023-12-02T06:02:11.011727Z,DilutionEvent,Latest Normalized OD = 1.02 ≥ Target  nOD = 1.01; cycled 0.10 mL,"{""latest_normalized_od"": 1.0171175040436344, ""target_normalized_od"": 1.01, ""volume"": 0.1}"
2023-12-03 01:03:11,Spirulina 003,pio001,2023-12-03T01:03:11.109564Z,DilutionEvent,Latest Normalized OD = 1.01 ≥ Target  nOD = 1.01; cycled 0.10 mL,"{""latest_normalized_od"": 1.0102133985736657, ""target_normalized_od"": 1.01, ""volume"": 0.1}"
2023-12-03 02:54:11,Spirulina 003,pio001,2023-12-03T02:54:11.119269Z,DilutionEvent,Latest Normalized OD = 1.01 ≥ Target  nOD = 1.01; cycled 0.10 mL,"{""latest_normalized_od"": 1.0100469763641866, ""target_normalized_od"": 1.01, ""volume"": 0.1}"
2023-12-03 04:12:41,Spirulina 003,pio001,2023-12-03T04:12:41.105680Z,DilutionEvent,Latest Normalized OD = 1.01 ≥ Target  nOD = 1.01; cycled 0.10 mL,"{""latest_normalized_od"": 1.0100837001166028, ""target_normalized_od"": 1.01, ""volume"": 0.1}"
2023-12-03 05:31:41,Spirulina 003,pio001,2023-12-03T05:31:41.101143Z,DilutionEvent,Latest Normalized OD = 1.01 ≥ Target  nOD = 1.01; cycled 0.10 mL,"{""latest_normalized_od"": 1.010195645995978, ""target_normalized_od"": 1.01, ""volume"": 0.1}"
2023-12-03 06:15:41,Spirulina 003,pio001,2023-12-03T06:15:41.121623Z,DilutionEvent,Latest Normalized OD = 1.01 ≥ Target  nOD = 1.01; cycled 0.10 mL,"{""latest_normalized_od"": 1.0100070403510883, ""target_normalized_od"": 1.01, ""volume"": 0.1}"
2023-12-03 07:39:11,Spirulina 003,pio001,2023-12-03T07:39:11.100339Z,DilutionEvent,Latest Normalized OD = 1.01 ≥ Target  nOD = 1.01; cycled 0.10 mL,"{""latest_normalized_od"": 1.010025467085621, ""target_normalized_od"": 1.01, ""volume"": 0.1}"
2023-12-03 09:30:41,Spirulina 003,pio001,2023-12-03T09:30:41.188840Z,DilutionEvent,Latest Normalized OD = 1.01 ≥ Target  nOD = 1.01; cycled 0.10 mL,"{""latest_normalized_od"": 1.0100118882040932, ""target_normalized_od"": 1.01, ""volume"": 0.1}"
2023-12-04 00:46:41,Spirulina 003,pio001,2023-12-04T00:46:41.062024Z,DilutionEvent,Latest Normalized OD = 1.01 ≥ Target  nOD = 1.01; cycled 0.10 mL,"{""latest_normalized_od"": 1.0100355119685196, ""target_normalized_od"": 1.01, ""volume"": 0.1}"
2023-12-04 02:58:11,Spirulina 003,pio001,2023-12-04T02:58:11.201855Z,DilutionEvent,Latest Normalized OD = 1.01 ≥ Target  nOD = 1.01; cycled 0.10 mL,"{""latest_normalized_od"": 1.010206652221783, ""target_normalized_od"": 1.01, ""volume"": 0.1}"
2023-12-04 04:56:41,Spirulina 003,pio001,2023-12-04T04:56:41.112223Z,DilutionEvent,Latest Normalized OD = 1.01 ≥ Target  nOD = 1.01; cycled 0.10 mL,"{""latest_normalized_od"": 1.0100065161725167, ""target_normalized_od"": 1.01, ""volume"": 0.1}"
2023-12-04 07:11:41,Spirulina 003,pio001,2023-12-04T07:11:41.124977Z,DilutionEvent,Latest Normalized OD = 1.01 ≥ Target  nOD = 1.01; cycled 0.10 mL,"{""latest_normalized_od"": 1.0101562591340476, ""target_normalized_od"": 1.01, ""volume"": 0.1}"
2023-12-04 09:20:11,Spirulina 003,pio001,2023-12-04T09:20:11.110503Z,DilutionEvent,Latest Normalized OD = 1.01 ≥ Target  nOD = 1.01; cycled 0.10 mL,"{""latest_normalized_od"": 1.0100395297626834, ""target_normalized_od"": 1.01, ""volume"": 0.1}"
2023-12-05 07:50:41,Spirulina 003,pio001,2023-12-05T07:50:41.072200Z,DilutionEvent,Latest Normalized OD = 1.01 ≥ Target  nOD = 1.01; cycled 0.10 mL,"{""latest_normalized_od"": 1.0100296162697764, ""target_normalized_od"": 1.01, ""volume"": 0.1}"
2023-12-05 08:32:41,Spirulina 003,pio001,2023-12-05T08:32:41.133869Z,DilutionEvent,Latest Normalized OD = 1.01 ≥ Target  nOD = 1.01; cycled 0.10 mL,"{""latest_normalized_od"": 1.0101252838571666, ""target_normalized_od"": 1.01, ""volume"": 0.1}"
2023-12-13 03:47:11,Spirulina 003,pio001,2023-12-13T03:47:11.153926Z,DilutionEvent,Latest Normalized OD = 1.01 ≥ Target  nOD = 1.01; cycled 0.10 mL,"{""latest_normalized_od"": 1.010146617449579, ""target_normalized_od"": 1.01, ""volume"": 0.1}"
2023-12-13 03:51:11,Spirulina 003,pio001,2023-12-13T03:51:11.106558Z,DilutionEvent,Latest Normalized OD = 1.01 ≥ Target  nOD = 1.01; cycled 0.10 mL,"{""latest_normalized_od"": 1.0102732644398604, ""target_normalized_od"": 1.01, ""volume"": 0.1}"
2023-12-13 03:51:40,Spirulina 003,pio001,2023-12-13T03:51:40.990553Z,DilutionEvent,Latest Normalized OD = 1.01 ≥ Target  nOD = 1.01; cycled 0.10 mL,"{""latest_normalized_od"": 1.0126896517692658, ""target_normalized_od"": 1.01, ""volume"": 0.1}"
2023-12-13 03:52:11,Spirulina 003,pio001,2023-12-13T03:52:11.044081Z,DilutionEvent,Latest Normalized OD = 1.02 ≥ Target  nOD = 1.01; cycled 0.10 mL,"{""latest_normalized_od"": 1.0202868179674318, ""target_normalized_od"": 1.01, ""volume"": 0.1}"
2023-12-13 03:52:41,Spirulina 003,pio001,2023-12-13T03:52:41.004632Z,DilutionEvent,Latest Normalized OD = 1.02 ≥ Target  nOD = 1.01; cycled 0.10 mL,"{""latest_normalized_od"": 1.0227153409600465, ""target_normalized_od"": 1.01, ""volume"": 0.1}"
2023-12-13 03:53:11,Spirulina 003,pio001,2023-12-13T03:53:11.083542Z,DilutionEvent,Latest Normalized OD = 1.02 ≥ Target  nOD = 1.01; cycled 0.10 mL,"{""latest_normalized_od"": 1.0200813384272056, ""target_normalized_od"": 1.01, ""volume"": 0.1}"
2023-12-13 03:56:41,Spirulina 003,pio001,2023-12-13T03:56:41.102141Z,DilutionEvent,Latest Normalized OD = 1.01 ≥ Target  nOD = 1.01; cycled 0.10 mL,"{""latest_normalized_od"": 1.0100006059250974, ""target_normalized_od"": 1.01, ""volume"": 0.1}"
2023-12-13 04:14:11,Spirulina 003,pio001,2023-12-13T04:14:11.201980Z,DilutionEvent,Latest Normalized OD = 1.01 ≥ Target  nOD = 1.01; cycled 0.10 mL,"{""latest_normalized_od"": 1.0103126825077815, ""target_normalized_od"": 1.01, ""volume"": 0.1}"
2023-12-13 04:33:11,Spirulina 003,pio001,2023-12-13T04:33:11.114206Z,DilutionEvent,Latest Normalized OD = 1.01 ≥ Target  nOD = 1.01; cycled 0.10 mL,"{""latest_normalized_od"": 1.010294428358921, ""target_normalized_od"": 1.01, ""volume"": 0.1}"
2023-12-13 05:01:11,Spirulina 003,pio001,2023-12-13T05:01:11.139898Z,DilutionEvent,Latest Normalized OD = 1.01 ≥ Target  nOD = 1.01; cycled 0.10 mL,"{""latest_normalized_od"": 1.0101585145377177, ""target_normalized_od"": 1.01, ""volume"": 0.1}"
2023-12-13 05:27:41,Spirulina 003,pio001,2023-12-13T05:27:41.111156Z,DilutionEvent,Latest Normalized OD = 1.01 ≥ Target  nOD = 1.01; cycled 0.10 mL,"{""latest_normalized_od"": 1.0101390890194137, ""target_normalized_od"": 1.01, ""volume"": 0.1}"
2023-12-13 05:28:11,Spirulina 003,pio001,2023-12-13T05:28:11.002561Z,DilutionEvent,Latest Normalized OD = 1.02 ≥ Target  nOD = 1.01; cycled 0.10 mL,"{""latest_normalized_od"": 1.016510083826672, ""target_normalized_od"": 1.01, ""volume"": 0.1}"
2023-12-13 05:32:11,Spirulina 003,pio001,2023-12-13T05:32:11.109946Z,DilutionEvent,Latest Normalized OD = 1.01 ≥ Target  nOD = 1.01; cycled 0.10 mL,"{""latest_normalized_od"": 1.0101354055445049, ""target_normalized_od"": 1.01, ""volume"": 0.1}"
2023-12-13 05:32:41,Spirulina 003,pio001,2023-12-13T05:32:41.184999Z,DilutionEvent,Latest Normalized OD = 1.02 ≥ Target  nOD = 1.01; cycled 0.10 mL,"{""latest_normalized_od"": 1.0167347566514366, ""target_normalized_od"": 1.01, ""volume"": 0.1}"
2023-12-13 05:44:41,Spirulina 003,pio001,2023-12-13T05:44:41.108869Z,DilutionEvent,Latest Normalized OD = 1.01 ≥ Target  nOD = 1.01; cycled 0.10 mL,"{""latest_normalized_od"": 1.0100173547153108, ""target_normalized_od"": 1.01, ""volume"": 0.1}"
2023-12-13 05:55:41,Spirulina 003,pio001,2023-12-13T05:55:41.094008Z,DilutionEvent,Latest Normalized OD = 1.01 ≥ Target  nOD = 1.01; cycled 0.10 mL,"{""latest_normalized_od"": 1.010046019089913, ""target_normalized_od"": 1.01, ""volume"": 0.1}"
2023-12-13 06:06:11,Spirulina 003,pio001,2023-12-13T06:06:11.115773Z,DilutionEvent,Latest Normalized OD = 1.01 ≥ Target  nOD = 1.01; cycled 0.10 mL,"{""latest_normalized_od"": 1.0100576207523277, ""target_normalized_od"": 1.01, ""volume"": 0.1}"
2023-12-13 06:06:41,Spirulina 003,pio001,2023-12-13T06:06:41.015272Z,DilutionEvent,Latest Normalized OD = 1.01 ≥ Target  nOD = 1.01; cycled 0.10 mL,"{""latest_normalized_od"": 1.011291693687356, ""target_normalized_od"": 1.01, ""volume"": 0.1}"
2023-12-13 06:31:16,Spirulina 003,pio001,2023-12-13T06:31:16.154375Z,DilutionEvent,Latest Normalized OD = 1.01 ≥ Target  nOD = 1.01; cycled 0.10 mL,"{""latest_normalized_od"": 1.010037912980501, ""target_normalized_od"": 1.01, ""volume"": 0.1}"
2023-12-13 06:44:41,Spirulina 003,pio001,2023-12-13T06:44:41.083822Z,DilutionEvent,Latest Normalized OD = 1.01 ≥ Target  nOD = 1.01; cycled 0.10 mL,"{""latest_normalized_od"": 1.0100053527372512, ""target_normalized_od"": 1.01, ""volume"": 0.1}"
2023-12-13 06:50:41,Spirulina 003,pio001,2023-12-13T06:50:41.097973Z,DilutionEvent,Latest Normalized OD = 1.01 ≥ Target  nOD = 1.01; cycled 0.10 mL,"{""latest_normalized_od"": 1.0100258820773322, ""target_normalized_od"": 1.01, ""volume"": 0.1}"
2023-12-13 07:03:41,Spirulina 003,pio001,2023-12-13T07:03:41.108843Z,DilutionEvent,Latest Normalized OD = 1.01 ≥ Target  nOD = 1.01; cycled 0.10 mL,"{""latest_normalized_od"": 1.0101929377855248, ""target_normalized_od"": 1.01, ""volume"": 0.1}"
2023-12-13 07:12:41,Spirulina 003,pio001,2023-12-13T07:12:41.150713Z,DilutionEvent,Latest Normalized OD = 1.01 ≥ Target  nOD = 1.01; cycled 0.10 mL,"{""latest_normalized_od"": 1.0100393760779651, ""target_normalized_od"": 1.01, ""volume"": 0.1}"
2023-12-13 07:25:11,Spirulina 003,pio001,2023-12-13T07:25:11.106654Z,DilutionEvent,Latest Normalized OD = 1.01 ≥ Target  nOD = 1.01; cycled 0.10 mL,"{""latest_normalized_od"": 1.0100459087567957, ""target_normalized_od"": 1.01, ""volume"": 0.1}"
2023-12-13 07:25:41,Spirulina 003,pio001,2023-12-13T07:25:41.000146Z,DilutionEvent,Latest Normalized OD = 1.02 ≥ Target  nOD = 1.01; cycled 0.10 mL,"{""latest_normalized_od"": 1.0152349214456786, ""target_normalized_od"": 1.01, ""volume"": 0.1}"
2023-12-13 07:55:11,Spirulina 003,pio001,2023-12-13T07:55:11.064198Z,DilutionEvent,Latest Normalized OD = 1.01 ≥ Target  nOD = 1.01; cycled 0.10 mL,"{""latest_normalized_od"": 1.010139306612419, ""target_normalized_od"": 1.01, ""volume"": 0.1}"
2023-12-13 08:07:11,Spirulina 003,pio001,2023-12-13T08:07:11.088534Z,DilutionEvent,Latest Normalized OD = 1.01 ≥ Target  nOD = 1.01; cycled 0.10 mL,"{""latest_normalized_od"": 1.0100453342614932, ""target_normalized_od"": 1.01, ""volume"": 0.1}"
2023-12-13 08:07:40,Spirulina 003,pio001,2023-12-13T08:07:40.990490Z,DilutionEvent,Latest Normalized OD = 1.01 ≥ Target  nOD = 1.01; cycled 0.10 mL,"{""latest_normalized_od"": 1.0123818428747413, ""target_normalized_od"": 1.01, ""volume"": 0.1}"
2023-12-13 08:27:11,Spirulina 003,pio001,2023-12-13T08:27:11.105642Z,DilutionEvent,Latest Normalized OD = 1.01 ≥ Target  nOD = 1.01; cycled 0.10 mL,"{""latest_normalized_od"": 1.010170127937555, ""target_normalized_od"": 1.01, ""volume"": 0.1}"
2023-12-13 08:41:16,Spirulina 003,pio001,2023-12-13T08:41:16.198190Z,DilutionEvent,Latest Normalized OD = 1.01 ≥ Target  nOD = 1.01; cycled 0.10 mL,"{""latest_normalized_od"": 1.0101609410451282, ""target_normalized_od"": 1.01, ""volume"": 0.1}"
2023-12-13 08:41:41,Spirulina 003,pio001,2023-12-13T08:41:41.014095Z,DilutionEvent,Latest Normalized OD = 1.02 ≥ Target  nOD = 1.01; cycled 0.10 mL,"{""latest_normalized_od"": 1.0168001968454545, ""target_normalized_od"": 1.01, ""volume"": 0.1}"
2023-12-13 09:04:11,Spirulina 003,pio001,2023-12-13T09:04:11.073017Z,DilutionEvent,Latest Normalized OD = 1.01 ≥ Target  nOD = 1.01; cycled 0.10 mL,"{""latest_normalized_od"": 1.0102481981741156, ""target_normalized_od"": 1.01, ""volume"": 0.1}"
2023-12-13 09:13:41,Spirulina 003,pio001,2023-12-13T09:13:41.085614Z,DilutionEvent,Latest Normalized OD = 1.01 ≥ Target  nOD = 1.01; cycled 0.10 mL,"{""latest_normalized_od"": 1.010483570074392, ""target_normalized_od"": 1.01, ""volume"": 0.1}"
2023-12-13 09:14:16,Spirulina 003,pio001,2023-12-13T09:14:16.127119Z,DilutionEvent,Latest Normalized OD = 1.02 ≥ Target  nOD = 1.01; cycled 0.10 mL,"{""latest_normalized_od"": 1.0203456346300293, ""target_normalized_od"": 1.01, ""volume"": 0.1}"
2023-12-13 09:18:11,Spirulina 003,pio001,2023-12-13T09:18:11.166878Z,DilutionEvent,Latest Normalized OD = 1.01 ≥ Target  nOD = 1.01; cycled 0.10 mL,"{""latest_normalized_od"": 1.010007528538595, ""target_normalized_od"": 1.01, ""volume"": 0.1}"
2023-12-13 10:12:11,Spirulina 003,pio001,2023-12-13T10:12:11.078558Z,DilutionEvent,Latest Normalized OD = 1.01 ≥ Target  nOD = 1.01; cycled 0.10 mL,"{""latest_normalized_od"": 1.0100579619549308, ""target_normalized_od"": 1.01, ""volume"": 0.1}"
2023-12-13 10:31:41,Spirulina 003,pio001,2023-12-13T10:31:41.099670Z,DilutionEvent,Latest Normalized OD = 1.01 ≥ Target  nOD = 1.01; cycled 0.10 mL,"{""latest_normalized_od"": 1.010228245823405, ""target_normalized_od"": 1.01, ""volume"": 0.1}"
2023-12-13 10:54:41,Spirulina 003,pio001,2023-12-13T10:54:41.197622Z,DilutionEvent,Latest Normalized OD = 1.01 ≥ Target  nOD = 1.01; cycled 0.10 mL,"{""latest_normalized_od"": 1.0102469163689292, ""target_normalized_od"": 1.01, ""volume"": 0.1}"
2023-12-13 10:55:11,Spirulina 003,pio001,2023-12-13T10:55:11.025073Z,DilutionEvent,Latest Normalized OD = 1.01 ≥ Target  nOD = 1.01; cycled 0.10 mL,"{""latest_normalized_od"": 1.011312048726347, ""target_normalized_od"": 1.01, ""volume"": 0.1}"
2023-12-13 11:28:41,Spirulina 003,pio001,2023-12-13T11:28:41.114196Z,DilutionEvent,Latest Normalized OD = 1.01 ≥ Target  nOD = 1.01; cycled 0.10 mL,"{""latest_normalized_od"": 1.010533022196007, ""target_normalized_od"": 1.01, ""volume"": 0.1}"
2023-12-13 11:47:41,Spirulina 003,pio001,2023-12-13T11:47:41.143114Z,DilutionEvent,Latest Normalized OD = 1.01 ≥ Target  nOD = 1.01; cycled 0.10 mL,"{""latest_normalized_od"": 1.0101659682628248, ""target_normalized_od"": 1.01, ""volume"": 0.1}"
2023-12-13 12:01:41,Spirulina 003,pio001,2023-12-13T12:01:41.127975Z,DilutionEvent,Latest Normalized OD = 1.01 ≥ Target  nOD = 1.01; cycled 0.10 mL,"{""latest_normalized_od"": 1.0101403422066075, ""target_normalized_od"": 1.01, ""volume"": 0.1}"
2023-12-13 12:26:41,Spirulina 003,pio001,2023-12-13T12:26:41.178782Z,DilutionEvent,Latest Normalized OD = 1.01 ≥ Target  nOD = 1.01; cycled 0.10 mL,"{""latest_normalized_od"": 1.010004315996799, ""target_normalized_od"": 1.01, ""volume"": 0.1}"
2023-12-13 12:27:11,Spirulina 003,pio001,2023-12-13T12:27:11.062815Z,DilutionEvent,Latest Normalized OD = 1.01 ≥ Target  nOD = 1.01; cycled 0.10 mL,"{""latest_normalized_od"": 1.0100728232736411, ""target_normalized_od"": 1.01, ""volume"": 0.1}"
2023-12-13 12:57:11,Spirulina 003,pio001,2023-12-13T12:57:11.196669Z,DilutionEvent,Latest Normalized OD = 1.01 ≥ Target  nOD = 1.01; cycled 0.10 mL,"{""latest_normalized_od"": 1.0101596255085858, ""target_normalized_od"": 1.01, ""volume"": 0.1}"
2023-12-13 13:15:41,Spirulina 003,pio001,2023-12-13T13:15:41.217328Z,DilutionEvent,Latest Normalized OD = 1.01 ≥ Target  nOD = 1.01; cycled 0.10 mL,"{""latest_normalized_od"": 1.0102308637836492, ""target_normalized_od"": 1.01, ""volume"": 0.1}"
2023-12-13 13:48:11,Spirulina 003,pio001,2023-12-13T13:48:11.111374Z,DilutionEvent,Latest Normalized OD = 1.01 ≥ Target  nOD = 1.01; cycled 0.10 mL,"{""latest_normalized_od"": 1.0103942507753585, ""target_normalized_od"": 1.01, ""volume"": 0.1}"
2023-12-13 14:22:11,Spirulina 003,pio001,2023-12-13T14:22:11.134546Z,DilutionEvent,Latest Normalized OD = 1.01 ≥ Target  nOD = 1.01; cycled 0.10 mL,"{""latest_normalized_od"": 1.0100439985150214, ""target_normalized_od"": 1.01, ""volume"": 0.1}"
2023-12-13 14:38:11,Spirulina 003,pio001,2023-12-13T14:38:11.117689Z,DilutionEvent,Latest Normalized OD = 1.01 ≥ Target  nOD = 1.01; cycled 0.10 mL,"{""latest_normalized_od"": 1.0100665057117566, ""target_normalized_od"": 1.01, ""volume"": 0.1}"
2023-12-13 15:10:11,Spirulina 003,pio001,2023-12-13T15:10:11.090489Z,DilutionEvent,Latest Normalized OD = 1.01 ≥ Target  nOD = 1.01; cycled 0.10 mL,"{""latest_normalized_od"": 1.0100885876474963, ""target_normalized_od"": 1.01, ""volume"": 0.1}"
2023-12-13 15:30:11,Spirulina 003,pio001,2023-12-13T15:30:11.249688Z,DilutionEvent,Latest Normalized OD = 1.01 ≥ Target  nOD = 1.01; cycled 0.10 mL,"{""latest_normalized_od"": 1.0101346346286826, ""target_normalized_od"": 1.01, ""volume"": 0.1}"
2023-12-13 17:58:11,Spirulina 003,pio001,2023-12-13T17:58:11.168354Z,DilutionEvent,Latest Normalized OD = 1.01 ≥ Target  nOD = 1.01; cycled 0.10 mL,"{""latest_normalized_od"": 1.0100263420411322, ""target_normalized_od"": 1.01, ""volume"": 0.1}"
2023-12-13 18:19:11,Spirulina 003,pio001,2023-12-13T18:19:11.111378Z,DilutionEvent,Latest Normalized OD = 1.01 ≥ Target  nOD = 1.01; cycled 0.10 mL,"{""latest_normalized_od"": 1.0101832810613975, ""target_normalized_od"": 1.01, ""volume"": 0.1}"
2023-12-13 18:29:41,Spirulina 003,pio001,2023-12-13T18:29:41.238420Z,DilutionEvent,Latest Normalized OD = 1.01 ≥ Target  nOD = 1.01; cycled 0.10 mL,"{""latest_normalized_od"": 1.0103165400626537, ""target_normalized_od"": 1.01, ""volume"": 0.1}"
2023-12-13 18:37:41,Spirulina 003,pio001,2023-12-13T18:37:41.160708Z,DilutionEvent,Latest Normalized OD = 1.01 ≥ Target  nOD = 1.01; cycled 0.10 mL,"{""latest_normalized_od"": 1.0100489079854038, ""target_normalized_od"": 1.01, ""volume"": 0.1}"
2023-12-13 18:44:41,Spirulina 003,pio001,2023-12-13T18:44:41.263498Z,DilutionEvent,Latest Normalized OD = 1.01 ≥ Target  nOD = 1.01; cycled 0.10 mL,"{""latest_normalized_od"": 1.0100862205883718, ""target_normalized_od"": 1.01, ""volume"": 0.1}"
2023-12-13 18:49:46,Spirulina 003,pio001,2023-12-13T18:49:46.136820Z,DilutionEvent,Latest Normalized OD = 1.01 ≥ Target  nOD = 1.01; cycled 0.10 mL,"{""latest_normalized_od"": 1.0100201732599516, ""target_normalized_od"": 1.01, ""volume"": 0.1}"
2023-12-13 18:52:11,Spirulina 003,pio001,2023-12-13T18:52:11.108544Z,DilutionEvent,Latest Normalized OD = 1.01 ≥ Target  nOD = 1.01; cycled 0.10 mL,"{""latest_normalized_od"": 1.010010702088019, ""target_normalized_od"": 1.01, ""volume"": 0.1}"
2023-12-14 04:10:11,Spirulina 003,pio001,2023-12-14T04:10:11.091582Z,DilutionEvent,Latest Normalized OD = 1.01 ≥ Target  nOD = 1.01; cycled 0.10 mL,"{""latest_normalized_od"": 1.0101351833557946, ""target_normalized_od"": 1.01, ""volume"": 0.1}"
2023-12-14 04:10:41,Spirulina 003,pio001,2023-12-14T04:10:41.002315Z,DilutionEvent,Latest Normalized OD = 1.02 ≥ Target  nOD = 1.01; cycled 0.10 mL,"{""latest_normalized_od"": 1.0198003915648648, ""target_normalized_od"": 1.01, ""volume"": 0.1}"
2023-12-14 04:11:10,Spirulina 003,pio001,2023-12-14T04:11:10.996936Z,DilutionEvent,Latest Normalized OD = 1.01 ≥ Target  nOD = 1.01; cycled 0.10 mL,"{""latest_normalized_od"": 1.0125992143332556, ""target_normalized_od"": 1.01, ""volume"": 0.1}"
2023-12-14 04:23:11,Spirulina 003,pio001,2023-12-14T04:23:11.095046Z,DilutionEvent,Latest Normalized OD = 1.01 ≥ Target  nOD = 1.01; cycled 0.10 mL,"{""latest_normalized_od"": 1.010281401995744, ""target_normalized_od"": 1.01, ""volume"": 0.1}"
2023-12-14 04:23:41,Spirulina 003,pio001,2023-12-14T04:23:41.073624Z,DilutionEvent,Latest Normalized OD = 1.02 ≥ Target  nOD = 1.01; cycled 0.10 mL,"{""latest_normalized_od"": 1.0200497247375953, ""target_normalized_od"": 1.01, ""volume"": 0.1}"
2023-12-14 04:34:11,Spirulina 003,pio001,2023-12-14T04:34:11.111060Z,DilutionEvent,Latest Normalized OD = 1.01 ≥ Target  nOD = 1.01; cycled 0.10 mL,"{""latest_normalized_od"": 1.0102774310585927, ""target_normalized_od"": 1.01, ""volume"": 0.1}"
2023-12-14 04:34:41,Spirulina 003,pio001,2023-12-14T04:34:41.178823Z,DilutionEvent,Latest Normalized OD = 1.01 ≥ Target  nOD = 1.01; cycled 0.10 mL,"{""latest_normalized_od"": 1.0108828342230518, ""target_normalized_od"": 1.01, ""volume"": 0.1}"
2023-12-14 04:51:41,Spirulina 003,pio001,2023-12-14T04:51:41.125916Z,DilutionEvent,Latest Normalized OD = 1.01 ≥ Target  nOD = 1.01; cycled 0.10 mL,"{""latest_normalized_od"": 1.0100619336464047, ""target_normalized_od"": 1.01, ""volume"": 0.1}"
2023-12-14 04:52:11,Spirulina 003,pio001,2023-12-14T04:52:11.007540Z,DilutionEvent,Latest Normalized OD = 1.01 ≥ Target  nOD = 1.01; cycled 0.10 mL,"{""latest_normalized_od"": 1.0100690062017794, ""target_normalized_od"": 1.01, ""volume"": 0.1}"
2023-12-14 05:09:41,Spirulina 003,pio001,2023-12-14T05:09:41.091547Z,DilutionEvent,Latest Normalized OD = 1.01 ≥ Target  nOD = 1.01; cycled 0.10 mL,"{""latest_normalized_od"": 1.0102630020799088, ""target_normalized_od"": 1.01, ""volume"": 0.1}"
2023-12-14 05:12:41,Spirulina 003,pio001,2023-12-14T05:12:41.084431Z,DilutionEvent,Latest Normalized OD = 1.01 ≥ Target  nOD = 1.01; cycled 0.10 mL,"{""latest_normalized_od"": 1.0100471951669467, ""target_normalized_od"": 1.01, ""volume"": 0.1}"
2023-12-14 05:21:11,Spirulina 003,pio001,2023-12-14T05:21:11.092465Z,DilutionEvent,Latest Normalized OD = 1.01 ≥ Target  nOD = 1.01; cycled 0.10 mL,"{""latest_normalized_od"": 1.0100924152456279, ""target_normalized_od"": 1.01, ""volume"": 0.1}"
2023-12-14 06:11:11,Spirulina 003,pio001,2023-12-14T06:11:11.084617Z,DilutionEvent,Latest Normalized OD = 1.01 ≥ Target  nOD = 1.01; cycled 0.10 mL,"{""latest_normalized_od"": 1.010234941826002, ""target_normalized_od"": 1.01, ""volume"": 0.1}"
2023-12-14 06:15:41,Spirulina 003,pio001,2023-12-14T06:15:41.243322Z,DilutionEvent,Latest Normalized OD = 1.01 ≥ Target  nOD = 1.01; cycled 0.10 mL,"{""latest_normalized_od"": 1.0101602493310107, ""target_normalized_od"": 1.01, ""volume"": 0.1}"
2023-12-14 06:16:11,Spirulina 003,pio001,2023-12-14T06:16:11.063531Z,DilutionEvent,Latest Normalized OD = 1.02 ≥ Target  nOD = 1.01; cycled 0.10 mL,"{""latest_normalized_od"": 1.0199542080362967, ""target_normalized_od"": 1.01, ""volume"": 0.1}"
2023-12-14 08:49:41,Spirulina 003,pio001,2023-12-14T08:49:41.096267Z,DilutionEvent,Latest Normalized OD = 1.01 ≥ Target  nOD = 1.01; cycled 0.10 mL,"{""latest_normalized_od"": 1.0101614117266107, ""target_normalized_od"": 1.01, ""volume"": 0.1}"
2023-12-14 08:50:11,Spirulina 003,pio001,2023-12-14T08:50:11.014126Z,DilutionEvent,Latest Normalized OD = 1.01 ≥ Target  nOD = 1.01; cycled 0.10 mL,"{""latest_normalized_od"": 1.0131846153360837, ""target_normalized_od"": 1.01, ""volume"": 0.1}"
2023-12-14 09:11:11,Spirulina 003,pio001,2023-12-14T09:11:11.110959Z,DilutionEvent,Latest Normalized OD = 1.01 ≥ Target  nOD = 1.01; cycled 0.10 mL,"{""latest_normalized_od"": 1.0100184979343614, ""target_normalized_od"": 1.01, ""volume"": 0.1}"
2023-12-14 09:26:41,Spirulina 003,pio001,2023-12-14T09:26:41.178149Z,DilutionEvent,Latest Normalized OD = 1.01 ≥ Target  nOD = 1.01; cycled 0.10 mL,"{""latest_normalized_od"": 1.0100603108718695, ""target_normalized_od"": 1.01, ""volume"": 0.1}"
2023-12-14 09:32:41,Spirulina 003,pio001,2023-12-14T09:32:41.206269Z,DilutionEvent,Latest Normalized OD = 1.01 ≥ Target  nOD = 1.01; cycled 0.10 mL,"{""latest_normalized_od"": 1.010226579879445, ""target_normalized_od"": 1.01, ""volume"": 0.1}"
2023-12-14 09:41:41,Spirulina 003,pio001,2023-12-14T09:41:41.127699Z,DilutionEvent,Latest Normalized OD = 1.01 ≥ Target  nOD = 1.01; cycled 0.10 mL,"{""latest_normalized_od"": 1.0102764785007448, ""target_normalized_od"": 1.01, ""volume"": 0.1}"
2023-12-19 02:28:11,Spirulina 003,pio001,2023-12-19T02:28:11.128933Z,DilutionEvent,Latest Normalized OD = 1.01 ≥ Target  nOD = 1.01; cycled 0.10 mL,"{""latest_normalized_od"": 1.013389834186851, ""target_normalized_od"": 1.01, ""volume"": 0.1}"
2023-12-19 02:28:40,Spirulina 003,pio001,2023-12-19T02:28:40.992589Z,DilutionEvent,Latest Normalized OD = 1.06 ≥ Target  nOD = 1.01; cycled 0.10 mL,"{""latest_normalized_od"": 1.0555022020246332, ""target_normalized_od"": 1.01, ""volume"": 0.1}"
2023-12-19 02:29:10,Spirulina 003,pio001,2023-12-19T02:29:10.986705Z,DilutionEvent,Latest Normalized OD = 1.05 ≥ Target  nOD = 1.01; cycled 0.10 mL,"{""latest_normalized_od"": 1.0547705140811163, ""target_normalized_od"": 1.01, ""volume"": 0.1}"
2023-12-19 02:32:11,Spirulina 003,pio001,2023-12-19T02:32:11.116193Z,DilutionEvent,Latest Normalized OD = 1.01 ≥ Target  nOD = 1.01; cycled 0.10 mL,"{""latest_normalized_od"": 1.0118055453518182, ""target_normalized_od"": 1.01, ""volume"": 0.1}"
2023-12-19 02:32:41,Spirulina 003,pio001,2023-12-19T02:32:41.071389Z,DilutionEvent,Latest Normalized OD = 1.93 ≥ Target  nOD = 1.01; cycled 0.10 mL,"{""latest_normalized_od"": 1.9286442376503083, ""target_normalized_od"": 1.01, ""volume"": 0.1}"
2023-12-19 02:46:11,Spirulina 003,pio001,2023-12-19T02:46:11.116016Z,DilutionEvent,Latest Normalized OD = 1.01 ≥ Target  nOD = 1.01; cycled 0.10 mL,"{""latest_normalized_od"": 1.0111267397537662, ""target_normalized_od"": 1.01, ""volume"": 0.1}"
2023-12-19 02:48:11,Spirulina 003,pio001,2023-12-19T02:48:11.254778Z,DilutionEvent,Latest Normalized OD = 1.01 ≥ Target  nOD = 1.01; cycled 0.10 mL,"{""latest_normalized_od"": 1.0105918677496182, ""target_normalized_od"": 1.01, ""volume"": 0.1}"
2023-12-19 02:57:41,Spirulina 003,pio001,2023-12-19T02:57:41.097079Z,DilutionEvent,Latest Normalized OD = 1.01 ≥ Target  nOD = 1.01; cycled 0.10 mL,"{""latest_normalized_od"": 1.0128789738348083, ""target_normalized_od"": 1.01, ""volume"": 0.1}"
2023-12-19 02:58:11,Spirulina 003,pio001,2023-12-19T02:58:11.005758Z,DilutionEvent,Latest Normalized OD = 1.04 ≥ Target  nOD = 1.01; cycled 0.10 mL,"{""latest_normalized_od"": 1.0443758823164069, ""target_normalized_od"": 1.01, ""volume"": 0.1}"
2023-12-19 02:58:41,Spirulina 003,pio001,2023-12-19T02:58:41.123196Z,DilutionEvent,Latest Normalized OD = 1.04 ≥ Target  nOD = 1.01; cycled 0.10 mL,"{""latest_normalized_od"": 1.035678284839447, ""target_normalized_od"": 1.01, ""volume"": 0.1}"
2023-12-19 02:59:11,Spirulina 003,pio001,2023-12-19T02:59:11.008903Z,DilutionEvent,Latest Normalized OD = 1.17 ≥ Target  nOD = 1.01; cycled 0.10 mL,"{""latest_normalized_od"": 1.1665429480406448, ""target_normalized_od"": 1.01, ""volume"": 0.1}"
2023-12-19 03:07:11,Spirulina 003,pio001,2023-12-19T03:07:11.075215Z,DilutionEvent,Latest Normalized OD = 1.01 ≥ Target  nOD = 1.01; cycled 0.10 mL,"{""latest_normalized_od"": 1.0125004979769499, ""target_normalized_od"": 1.01, ""volume"": 0.1}"
2023-12-19 03:16:11,Spirulina 003,pio001,2023-12-19T03:16:11.143921Z,DilutionEvent,Latest Normalized OD = 1.01 ≥ Target  nOD = 1.01; cycled 0.10 mL,"{""latest_normalized_od"": 1.0121063501173329, ""target_normalized_od"": 1.01, ""volume"": 0.1}"
2023-12-19 03:23:41,Spirulina 003,pio001,2023-12-19T03:23:41.103690Z,DilutionEvent,Latest Normalized OD = 1.01 ≥ Target  nOD = 1.01; cycled 0.10 mL,"{""latest_normalized_od"": 1.0108980207128297, ""target_normalized_od"": 1.01, ""volume"": 0.1}"
2023-12-19 03:26:41,Spirulina 003,pio001,2023-12-19T03:26:41.095719Z,DilutionEvent,Latest Normalized OD = 1.01 ≥ Target  nOD = 1.01; cycled 0.10 mL,"{""latest_normalized_od"": 1.0100818848880933, ""target_normalized_od"": 1.01, ""volume"": 0.1}"
2023-12-19 03:41:11,Spirulina 003,pio001,2023-12-19T03:41:11.088274Z,DilutionEvent,Latest Normalized OD = 1.01 ≥ Target  nOD = 1.01; cycled 0.10 mL,"{""latest_normalized_od"": 1.0116226104811479, ""target_normalized_od"": 1.01, ""volume"": 0.1}"
2023-12-19 03:49:41,Spirulina 003,pio001,2023-12-19T03:49:41.217971Z,DilutionEvent,Latest Normalized OD = 1.01 ≥ Target  nOD = 1.01; cycled 0.10 mL,"{""latest_normalized_od"": 1.0122624578349546, ""target_normalized_od"": 1.01, ""volume"": 0.1}"
2023-12-19 03:56:11,Spirulina 003,pio001,2023-12-19T03:56:11.111781Z,DilutionEvent,Latest Normalized OD = 1.01 ≥ Target  nOD = 1.01; cycled 0.10 mL,"{""latest_normalized_od"": 1.0107695189516854, ""target_normalized_od"": 1.01, ""volume"": 0.1}"
2023-12-19 04:07:41,Spirulina 003,pio001,2023-12-19T04:07:41.069661Z,DilutionEvent,Latest Normalized OD = 1.01 ≥ Target  nOD = 1.01; cycled 0.10 mL,"{""latest_normalized_od"": 1.0126061444905108, ""target_normalized_od"": 1.01, ""volume"": 0.1}"
2023-12-19 04:17:11,Spirulina 003,pio001,2023-12-19T04:17:11.147559Z,DilutionEvent,Latest Normalized OD = 1.01 ≥ Target  nOD = 1.01; cycled 0.10 mL,"{""latest_normalized_od"": 1.010460284062491, ""target_normalized_od"": 1.01, ""volume"": 0.1}"
2023-12-19 04:33:41,Spirulina 003,pio001,2023-12-19T04:33:41.084002Z,DilutionEvent,Latest Normalized OD = 1.01 ≥ Target  nOD = 1.01; cycled 0.10 mL,"{""latest_normalized_od"": 1.0103194436202163, ""target_normalized_od"": 1.01, ""volume"": 0.1}"
2023-12-19 04:41:41,Spirulina 003,pio001,2023-12-19T04:41:41.123309Z,DilutionEvent,Latest Normalized OD = 1.01 ≥ Target  nOD = 1.01; cycled 0.10 mL,"{""latest_normalized_od"": 1.0104218052447347, ""target_normalized_od"": 1.01, ""volume"": 0.1}"
2023-12-19 05:02:41,Spirulina 003,pio001,2023-12-19T05:02:41.194150Z,DilutionEvent,Latest Normalized OD = 1.01 ≥ Target  nOD = 1.01; cycled 0.10 mL,"{""latest_normalized_od"": 1.0110124132253724, ""target_normalized_od"": 1.01, ""volume"": 0.1}"
2023-12-19 05:31:41,Spirulina 003,pio001,2023-12-19T05:31:41.110780Z,DilutionEvent,Latest Normalized OD = 1.01 ≥ Target  nOD = 1.01; cycled 0.10 mL,"{""latest_normalized_od"": 1.0101950279247436, ""target_normalized_od"": 1.01, ""volume"": 0.1}"
2023-12-19 06:57:41,Spirulina 003,pio001,2023-12-19T06:57:41.164166Z,DilutionEvent,Latest Normalized OD = 1.01 ≥ Target  nOD = 1.01; cycled 0.10 mL,"{""latest_normalized_od"": 1.0103458654091042, ""target_normalized_od"": 1.01, ""volume"": 0.1}"
2023-12-19 09:31:11,Spirulina 003,pio001,2023-12-19T09:31:11.112786Z,DilutionEvent,Latest Normalized OD = 1.01 ≥ Target  nOD = 1.01; cycled 0.10 mL,"{""latest_normalized_od"": 1.0110110603999927, ""target_normalized_od"": 1.01, ""volume"": 0.1}"
